sample_id,bacteria,antibiotics,phenotype
TIDB269,Pseudomonas aeruginosa,amikacin,resistant
TIDB271,Pseudomonas aeruginosa,amikacin,susceptible
TIDB272,Pseudomonas aeruginosa,amikacin,resistant
TIDB273,Pseudomonas aeruginosa,amikacin,resistant
TIDB275,Pseudomonas aeruginosa,amikacin,susceptible
TIDB276,Pseudomonas aeruginosa,amikacin,susceptible
TIDB277,Pseudomonas aeruginosa,amikacin,resistant
TIDB278,Pseudomonas aeruginosa,amikacin,susceptible
TIDB872,Pseudomonas aeruginosa,amikacin,resistant
TIDB873,Pseudomonas aeruginosa,amikacin,resistant
TIDB874,Pseudomonas aeruginosa,amikacin,resistant
TIDB1116,Pseudomonas aeruginosa,amikacin,resistant
TIDB1117,Pseudomonas aeruginosa,amikacin,resistant
TIDB1119,Pseudomonas aeruginosa,amikacin,resistant
TIDB289,Pseudomonas aeruginosa,amikacin,susceptible
TIDB290,Pseudomonas aeruginosa,amikacin,susceptible
TIDB291,Pseudomonas aeruginosa,amikacin,susceptible
TIDB293,Pseudomonas aeruginosa,amikacin,susceptible
TIDB294,Pseudomonas aeruginosa,amikacin,susceptible
TIDB295,Pseudomonas aeruginosa,amikacin,susceptible
TIDB296,Pseudomonas aeruginosa,amikacin,susceptible
TIDB297,Pseudomonas aeruginosa,amikacin,susceptible
TIDB517,Pseudomonas aeruginosa,amikacin,resistant
TIDB518,Pseudomonas aeruginosa,amikacin,resistant
TIDB519,Pseudomonas aeruginosa,amikacin,resistant
TIDB520,Pseudomonas aeruginosa,amikacin,susceptible
TIDB521,Pseudomonas aeruginosa,amikacin,resistant
TIDB522,Pseudomonas aeruginosa,amikacin,susceptible
TIDB1804,Pseudomonas aeruginosa,amikacin,resistant
TIDB1805,Pseudomonas aeruginosa,amikacin,susceptible
TIDB1806,Pseudomonas aeruginosa,amikacin,resistant
TIDB1807,Pseudomonas aeruginosa,amikacin,resistant
TIDB1808,Pseudomonas aeruginosa,amikacin,resistant
TIDB1809,Pseudomonas aeruginosa,amikacin,resistant
TIDB1810,Pseudomonas aeruginosa,amikacin,resistant
TIDB1811,Pseudomonas aeruginosa,amikacin,susceptible
TIDB579,Pseudomonas aeruginosa,amikacin,susceptible
TIDB1378,Pseudomonas aeruginosa,amikacin,susceptible
TIDB1379,Pseudomonas aeruginosa,amikacin,resistant
TIDB1380,Pseudomonas aeruginosa,amikacin,susceptible
TIDB1381,Pseudomonas aeruginosa,amikacin,susceptible
TIDB1382,Pseudomonas aeruginosa,amikacin,susceptible
TIDB1383,Pseudomonas aeruginosa,amikacin,susceptible
TIDB1384,Pseudomonas aeruginosa,amikacin,resistant
TIDB1386,Pseudomonas aeruginosa,amikacin,resistant
TIDB1387,Pseudomonas aeruginosa,amikacin,susceptible
TIDB168,Pseudomonas aeruginosa,amikacin,resistant
TIDB169,Pseudomonas aeruginosa,amikacin,resistant
TIDB170,Pseudomonas aeruginosa,amikacin,resistant
TIDB171,Pseudomonas aeruginosa,amikacin,resistant
TIDB172,Pseudomonas aeruginosa,amikacin,resistant
TIDB173,Pseudomonas aeruginosa,amikacin,susceptible
TIDB174,Pseudomonas aeruginosa,amikacin,susceptible
TIDB175,Pseudomonas aeruginosa,amikacin,susceptible
TIDB176,Pseudomonas aeruginosa,amikacin,susceptible
TIDB177,Pseudomonas aeruginosa,amikacin,susceptible
TIDB159,Pseudomonas aeruginosa,amikacin,resistant
TIDB160,Pseudomonas aeruginosa,amikacin,resistant
TIDB161,Pseudomonas aeruginosa,amikacin,resistant
TIDB162,Pseudomonas aeruginosa,amikacin,resistant
TIDB158,Pseudomonas aeruginosa,amikacin,resistant
TIDB2478,Pseudomonas aeruginosa,amikacin,resistant
TIDB2479,Pseudomonas aeruginosa,amikacin,resistant
TIDB2480,Pseudomonas aeruginosa,amikacin,resistant
TIDB2481,Pseudomonas aeruginosa,amikacin,resistant
TIDB2482,Pseudomonas aeruginosa,amikacin,resistant
TIDB2483,Pseudomonas aeruginosa,amikacin,resistant
TIDB2484,Pseudomonas aeruginosa,amikacin,resistant
TIDB2485,Pseudomonas aeruginosa,amikacin,resistant
TIDB2486,Pseudomonas aeruginosa,amikacin,resistant
TIDB2487,Pseudomonas aeruginosa,amikacin,resistant
TIDB2488,Pseudomonas aeruginosa,amikacin,resistant
TIDB2937,Pseudomonas aeruginosa,amikacin,resistant
TIDB2938,Pseudomonas aeruginosa,amikacin,resistant
TIDB2939,Pseudomonas aeruginosa,amikacin,resistant
TIDB2940,Pseudomonas aeruginosa,amikacin,resistant
TIDB2941,Pseudomonas aeruginosa,amikacin,resistant
TIDB2942,Pseudomonas aeruginosa,amikacin,resistant
TIDB2943,Pseudomonas aeruginosa,amikacin,resistant
TIDB2944,Pseudomonas aeruginosa,amikacin,resistant
TIDB2945,Pseudomonas aeruginosa,amikacin,resistant
TIDB2946,Pseudomonas aeruginosa,amikacin,resistant
TIDB2947,Pseudomonas aeruginosa,amikacin,resistant
TIDB1302,Pseudomonas aeruginosa,amikacin,resistant
TIDB1303,Pseudomonas aeruginosa,amikacin,resistant
TIDB1304,Pseudomonas aeruginosa,amikacin,resistant
TIDB1305,Pseudomonas aeruginosa,amikacin,resistant
TIDB1306,Pseudomonas aeruginosa,amikacin,resistant
TIDB1307,Pseudomonas aeruginosa,amikacin,resistant
TIDB1308,Pseudomonas aeruginosa,amikacin,resistant
TIDB1309,Pseudomonas aeruginosa,amikacin,resistant
TIDB1310,Pseudomonas aeruginosa,amikacin,resistant
TIDB1311,Pseudomonas aeruginosa,amikacin,resistant
TIDB1312,Pseudomonas aeruginosa,amikacin,resistant
TIDB1313,Pseudomonas aeruginosa,amikacin,resistant
TIDB1910,Pseudomonas aeruginosa,amikacin,susceptible
TIDB1911,Pseudomonas aeruginosa,amikacin,susceptible
TIDB1912,Pseudomonas aeruginosa,amikacin,susceptible
TIDB1913,Pseudomonas aeruginosa,amikacin,susceptible
TIDB2228,Pseudomonas aeruginosa,amikacin,susceptible
TIDB2229,Pseudomonas aeruginosa,amikacin,susceptible
TIDB2230,Pseudomonas aeruginosa,amikacin,susceptible
TIDB2231,Pseudomonas aeruginosa,amikacin,susceptible
TIDB143,Pseudomonas aeruginosa,aztreonam,resistant
TIDB270,Pseudomonas aeruginosa,aztreonam,resistant
TIDB271,Pseudomonas aeruginosa,aztreonam,susceptible
TIDB272,Pseudomonas aeruginosa,aztreonam,resistant
TIDB273,Pseudomonas aeruginosa,aztreonam,susceptible
TIDB274,Pseudomonas aeruginosa,aztreonam,susceptible
TIDB275,Pseudomonas aeruginosa,aztreonam,resistant
TIDB276,Pseudomonas aeruginosa,aztreonam,resistant
TIDB277,Pseudomonas aeruginosa,aztreonam,susceptible
TIDB278,Pseudomonas aeruginosa,aztreonam,susceptible
TIDB873,Pseudomonas aeruginosa,aztreonam,resistant
TIDB874,Pseudomonas aeruginosa,aztreonam,susceptible
TIDB875,Pseudomonas aeruginosa,aztreonam,susceptible
TIDB1116,Pseudomonas aeruginosa,aztreonam,susceptible
TIDB1117,Pseudomonas aeruginosa,aztreonam,susceptible
TIDB1118,Pseudomonas aeruginosa,aztreonam,susceptible
TIDB1119,Pseudomonas aeruginosa,aztreonam,susceptible
TIDB289,Pseudomonas aeruginosa,aztreonam,susceptible
TIDB290,Pseudomonas aeruginosa,aztreonam,susceptible
TIDB291,Pseudomonas aeruginosa,aztreonam,susceptible
TIDB293,Pseudomonas aeruginosa,aztreonam,susceptible
TIDB294,Pseudomonas aeruginosa,aztreonam,susceptible
TIDB295,Pseudomonas aeruginosa,aztreonam,susceptible
TIDB296,Pseudomonas aeruginosa,aztreonam,susceptible
TIDB297,Pseudomonas aeruginosa,aztreonam,susceptible
TIDB517,Pseudomonas aeruginosa,aztreonam,resistant
TIDB518,Pseudomonas aeruginosa,aztreonam,resistant
TIDB519,Pseudomonas aeruginosa,aztreonam,resistant
TIDB520,Pseudomonas aeruginosa,aztreonam,susceptible
TIDB521,Pseudomonas aeruginosa,aztreonam,resistant
TIDB522,Pseudomonas aeruginosa,aztreonam,resistant
TIDB523,Pseudomonas aeruginosa,aztreonam,resistant
TIDB1803,Pseudomonas aeruginosa,aztreonam,resistant
TIDB1804,Pseudomonas aeruginosa,aztreonam,resistant
TIDB1805,Pseudomonas aeruginosa,aztreonam,resistant
TIDB1806,Pseudomonas aeruginosa,aztreonam,resistant
TIDB1807,Pseudomonas aeruginosa,aztreonam,susceptible
TIDB1808,Pseudomonas aeruginosa,aztreonam,resistant
TIDB1809,Pseudomonas aeruginosa,aztreonam,susceptible
TIDB1810,Pseudomonas aeruginosa,aztreonam,resistant
TIDB1811,Pseudomonas aeruginosa,aztreonam,resistant
TIDB1812,Pseudomonas aeruginosa,aztreonam,resistant
TIDB579,Pseudomonas aeruginosa,aztreonam,susceptible
TIDB1378,Pseudomonas aeruginosa,aztreonam,susceptible
TIDB1379,Pseudomonas aeruginosa,aztreonam,susceptible
TIDB1380,Pseudomonas aeruginosa,aztreonam,susceptible
TIDB1381,Pseudomonas aeruginosa,aztreonam,susceptible
TIDB1382,Pseudomonas aeruginosa,aztreonam,susceptible
TIDB1383,Pseudomonas aeruginosa,aztreonam,resistant
TIDB1384,Pseudomonas aeruginosa,aztreonam,susceptible
TIDB1385,Pseudomonas aeruginosa,aztreonam,susceptible
TIDB1386,Pseudomonas aeruginosa,aztreonam,susceptible
TIDB1387,Pseudomonas aeruginosa,aztreonam,susceptible
TIDB168,Pseudomonas aeruginosa,aztreonam,resistant
TIDB169,Pseudomonas aeruginosa,aztreonam,resistant
TIDB170,Pseudomonas aeruginosa,aztreonam,resistant
TIDB171,Pseudomonas aeruginosa,aztreonam,resistant
TIDB172,Pseudomonas aeruginosa,aztreonam,resistant
TIDB173,Pseudomonas aeruginosa,aztreonam,resistant
TIDB174,Pseudomonas aeruginosa,aztreonam,resistant
TIDB175,Pseudomonas aeruginosa,aztreonam,resistant
TIDB176,Pseudomonas aeruginosa,aztreonam,resistant
TIDB177,Pseudomonas aeruginosa,aztreonam,resistant
TIDB159,Pseudomonas aeruginosa,aztreonam,resistant
TIDB160,Pseudomonas aeruginosa,aztreonam,resistant
TIDB161,Pseudomonas aeruginosa,aztreonam,resistant
TIDB162,Pseudomonas aeruginosa,aztreonam,resistant
TIDB158,Pseudomonas aeruginosa,aztreonam,resistant
TIDB2478,Pseudomonas aeruginosa,aztreonam,resistant
TIDB2479,Pseudomonas aeruginosa,aztreonam,resistant
TIDB2480,Pseudomonas aeruginosa,aztreonam,resistant
TIDB2481,Pseudomonas aeruginosa,aztreonam,resistant
TIDB2482,Pseudomonas aeruginosa,aztreonam,resistant
TIDB2483,Pseudomonas aeruginosa,aztreonam,resistant
TIDB2484,Pseudomonas aeruginosa,aztreonam,resistant
TIDB2485,Pseudomonas aeruginosa,aztreonam,resistant
TIDB2486,Pseudomonas aeruginosa,aztreonam,resistant
TIDB2487,Pseudomonas aeruginosa,aztreonam,resistant
TIDB2488,Pseudomonas aeruginosa,aztreonam,resistant
TIDB2937,Pseudomonas aeruginosa,aztreonam,resistant
TIDB2938,Pseudomonas aeruginosa,aztreonam,resistant
TIDB2939,Pseudomonas aeruginosa,aztreonam,resistant
TIDB2940,Pseudomonas aeruginosa,aztreonam,resistant
TIDB2941,Pseudomonas aeruginosa,aztreonam,resistant
TIDB2942,Pseudomonas aeruginosa,aztreonam,resistant
TIDB2943,Pseudomonas aeruginosa,aztreonam,resistant
TIDB2944,Pseudomonas aeruginosa,aztreonam,resistant
TIDB2945,Pseudomonas aeruginosa,aztreonam,resistant
TIDB2946,Pseudomonas aeruginosa,aztreonam,resistant
TIDB2947,Pseudomonas aeruginosa,aztreonam,resistant
TIDB680,Pseudomonas aeruginosa,aztreonam,resistant
TIDB681,Pseudomonas aeruginosa,aztreonam,resistant
TIDB682,Pseudomonas aeruginosa,aztreonam,resistant
TIDB1302,Pseudomonas aeruginosa,aztreonam,susceptible
TIDB1303,Pseudomonas aeruginosa,aztreonam,resistant
TIDB1305,Pseudomonas aeruginosa,aztreonam,susceptible
TIDB1306,Pseudomonas aeruginosa,aztreonam,resistant
TIDB1307,Pseudomonas aeruginosa,aztreonam,resistant
TIDB1308,Pseudomonas aeruginosa,aztreonam,resistant
TIDB1309,Pseudomonas aeruginosa,aztreonam,resistant
TIDB1310,Pseudomonas aeruginosa,aztreonam,resistant
TIDB1312,Pseudomonas aeruginosa,aztreonam,resistant
TIDB1910,Pseudomonas aeruginosa,aztreonam,resistant
TIDB1911,Pseudomonas aeruginosa,aztreonam,resistant
TIDB1912,Pseudomonas aeruginosa,aztreonam,resistant
TIDB1913,Pseudomonas aeruginosa,aztreonam,resistant
TIDB2228,Pseudomonas aeruginosa,aztreonam,resistant
TIDB2229,Pseudomonas aeruginosa,aztreonam,resistant
TIDB2230,Pseudomonas aeruginosa,aztreonam,susceptible
TIDB2231,Pseudomonas aeruginosa,aztreonam,resistant
TIDB143,Pseudomonas aeruginosa,cefepime,resistant
TIDB270,Pseudomonas aeruginosa,cefepime,susceptible
TIDB271,Pseudomonas aeruginosa,cefepime,susceptible
TIDB273,Pseudomonas aeruginosa,cefepime,susceptible
TIDB274,Pseudomonas aeruginosa,cefepime,susceptible
TIDB276,Pseudomonas aeruginosa,cefepime,resistant
TIDB278,Pseudomonas aeruginosa,cefepime,susceptible
TIDB873,Pseudomonas aeruginosa,cefepime,resistant
TIDB875,Pseudomonas aeruginosa,cefepime,resistant
TIDB1118,Pseudomonas aeruginosa,cefepime,resistant
TIDB289,Pseudomonas aeruginosa,cefepime,susceptible
TIDB290,Pseudomonas aeruginosa,cefepime,susceptible
TIDB291,Pseudomonas aeruginosa,cefepime,susceptible
TIDB293,Pseudomonas aeruginosa,cefepime,susceptible
TIDB294,Pseudomonas aeruginosa,cefepime,susceptible
TIDB295,Pseudomonas aeruginosa,cefepime,susceptible
TIDB296,Pseudomonas aeruginosa,cefepime,susceptible
TIDB297,Pseudomonas aeruginosa,cefepime,susceptible
TIDB515,Pseudomonas aeruginosa,cefepime,resistant
TIDB517,Pseudomonas aeruginosa,cefepime,resistant
TIDB518,Pseudomonas aeruginosa,cefepime,resistant
TIDB519,Pseudomonas aeruginosa,cefepime,resistant
TIDB520,Pseudomonas aeruginosa,cefepime,susceptible
TIDB521,Pseudomonas aeruginosa,cefepime,resistant
TIDB522,Pseudomonas aeruginosa,cefepime,resistant
TIDB523,Pseudomonas aeruginosa,cefepime,resistant
TIDB1803,Pseudomonas aeruginosa,cefepime,resistant
TIDB1804,Pseudomonas aeruginosa,cefepime,resistant
TIDB1805,Pseudomonas aeruginosa,cefepime,resistant
TIDB1806,Pseudomonas aeruginosa,cefepime,resistant
TIDB1807,Pseudomonas aeruginosa,cefepime,resistant
TIDB1808,Pseudomonas aeruginosa,cefepime,resistant
TIDB1809,Pseudomonas aeruginosa,cefepime,resistant
TIDB1810,Pseudomonas aeruginosa,cefepime,resistant
TIDB1811,Pseudomonas aeruginosa,cefepime,resistant
TIDB1812,Pseudomonas aeruginosa,cefepime,resistant
TIDB579,Pseudomonas aeruginosa,cefepime,susceptible
TIDB1378,Pseudomonas aeruginosa,cefepime,susceptible
TIDB1379,Pseudomonas aeruginosa,cefepime,susceptible
TIDB1380,Pseudomonas aeruginosa,cefepime,susceptible
TIDB1381,Pseudomonas aeruginosa,cefepime,susceptible
TIDB1383,Pseudomonas aeruginosa,cefepime,resistant
TIDB168,Pseudomonas aeruginosa,cefepime,resistant
TIDB169,Pseudomonas aeruginosa,cefepime,resistant
TIDB170,Pseudomonas aeruginosa,cefepime,resistant
TIDB171,Pseudomonas aeruginosa,cefepime,resistant
TIDB172,Pseudomonas aeruginosa,cefepime,resistant
TIDB173,Pseudomonas aeruginosa,cefepime,resistant
TIDB174,Pseudomonas aeruginosa,cefepime,resistant
TIDB175,Pseudomonas aeruginosa,cefepime,resistant
TIDB176,Pseudomonas aeruginosa,cefepime,resistant
TIDB177,Pseudomonas aeruginosa,cefepime,resistant
TIDB159,Pseudomonas aeruginosa,cefepime,resistant
TIDB160,Pseudomonas aeruginosa,cefepime,resistant
TIDB161,Pseudomonas aeruginosa,cefepime,resistant
TIDB162,Pseudomonas aeruginosa,cefepime,resistant
TIDB158,Pseudomonas aeruginosa,cefepime,resistant
TIDB2478,Pseudomonas aeruginosa,cefepime,resistant
TIDB2479,Pseudomonas aeruginosa,cefepime,resistant
TIDB2480,Pseudomonas aeruginosa,cefepime,resistant
TIDB2481,Pseudomonas aeruginosa,cefepime,resistant
TIDB2482,Pseudomonas aeruginosa,cefepime,resistant
TIDB2483,Pseudomonas aeruginosa,cefepime,resistant
TIDB2484,Pseudomonas aeruginosa,cefepime,resistant
TIDB2485,Pseudomonas aeruginosa,cefepime,resistant
TIDB2486,Pseudomonas aeruginosa,cefepime,resistant
TIDB2487,Pseudomonas aeruginosa,cefepime,resistant
TIDB2488,Pseudomonas aeruginosa,cefepime,resistant
TIDB2937,Pseudomonas aeruginosa,cefepime,resistant
TIDB2938,Pseudomonas aeruginosa,cefepime,resistant
TIDB2939,Pseudomonas aeruginosa,cefepime,resistant
TIDB2940,Pseudomonas aeruginosa,cefepime,resistant
TIDB2941,Pseudomonas aeruginosa,cefepime,resistant
TIDB2942,Pseudomonas aeruginosa,cefepime,resistant
TIDB2943,Pseudomonas aeruginosa,cefepime,resistant
TIDB2944,Pseudomonas aeruginosa,cefepime,resistant
TIDB2945,Pseudomonas aeruginosa,cefepime,resistant
TIDB2946,Pseudomonas aeruginosa,cefepime,resistant
TIDB2947,Pseudomonas aeruginosa,cefepime,resistant
TIDB680,Pseudomonas aeruginosa,cefepime,resistant
TIDB681,Pseudomonas aeruginosa,cefepime,resistant
TIDB682,Pseudomonas aeruginosa,cefepime,resistant
TIDB1302,Pseudomonas aeruginosa,cefepime,resistant
TIDB1303,Pseudomonas aeruginosa,cefepime,resistant
TIDB1304,Pseudomonas aeruginosa,cefepime,resistant
TIDB1305,Pseudomonas aeruginosa,cefepime,resistant
TIDB1306,Pseudomonas aeruginosa,cefepime,resistant
TIDB1307,Pseudomonas aeruginosa,cefepime,resistant
TIDB1308,Pseudomonas aeruginosa,cefepime,resistant
TIDB1309,Pseudomonas aeruginosa,cefepime,resistant
TIDB1310,Pseudomonas aeruginosa,cefepime,resistant
TIDB1311,Pseudomonas aeruginosa,cefepime,resistant
TIDB1312,Pseudomonas aeruginosa,cefepime,resistant
TIDB1313,Pseudomonas aeruginosa,cefepime,resistant
TIDB1910,Pseudomonas aeruginosa,cefepime,resistant
TIDB1911,Pseudomonas aeruginosa,cefepime,resistant
TIDB1912,Pseudomonas aeruginosa,cefepime,resistant
TIDB1913,Pseudomonas aeruginosa,cefepime,resistant
TIDB2228,Pseudomonas aeruginosa,cefepime,resistant
TIDB2229,Pseudomonas aeruginosa,cefepime,resistant
TIDB2230,Pseudomonas aeruginosa,cefepime,susceptible
TIDB2231,Pseudomonas aeruginosa,cefepime,resistant
TIDB270,Pseudomonas aeruginosa,ceftazidime,susceptible
TIDB271,Pseudomonas aeruginosa,ceftazidime,susceptible
TIDB272,Pseudomonas aeruginosa,ceftazidime,resistant
TIDB273,Pseudomonas aeruginosa,ceftazidime,susceptible
TIDB274,Pseudomonas aeruginosa,ceftazidime,susceptible
TIDB275,Pseudomonas aeruginosa,ceftazidime,susceptible
TIDB277,Pseudomonas aeruginosa,ceftazidime,susceptible
TIDB278,Pseudomonas aeruginosa,ceftazidime,susceptible
TIDB873,Pseudomonas aeruginosa,ceftazidime,resistant
TIDB874,Pseudomonas aeruginosa,ceftazidime,susceptible
TIDB875,Pseudomonas aeruginosa,ceftazidime,susceptible
TIDB1117,Pseudomonas aeruginosa,ceftazidime,susceptible
TIDB1118,Pseudomonas aeruginosa,ceftazidime,susceptible
TIDB289,Pseudomonas aeruginosa,ceftazidime,susceptible
TIDB290,Pseudomonas aeruginosa,ceftazidime,susceptible
TIDB291,Pseudomonas aeruginosa,ceftazidime,susceptible
TIDB293,Pseudomonas aeruginosa,ceftazidime,susceptible
TIDB294,Pseudomonas aeruginosa,ceftazidime,susceptible
TIDB295,Pseudomonas aeruginosa,ceftazidime,susceptible
TIDB296,Pseudomonas aeruginosa,ceftazidime,susceptible
TIDB297,Pseudomonas aeruginosa,ceftazidime,susceptible
TIDB517,Pseudomonas aeruginosa,ceftazidime,resistant
TIDB518,Pseudomonas aeruginosa,ceftazidime,resistant
TIDB519,Pseudomonas aeruginosa,ceftazidime,resistant
TIDB520,Pseudomonas aeruginosa,ceftazidime,susceptible
TIDB521,Pseudomonas aeruginosa,ceftazidime,resistant
TIDB523,Pseudomonas aeruginosa,ceftazidime,resistant
TIDB1803,Pseudomonas aeruginosa,ceftazidime,resistant
TIDB1804,Pseudomonas aeruginosa,ceftazidime,resistant
TIDB1805,Pseudomonas aeruginosa,ceftazidime,resistant
TIDB1806,Pseudomonas aeruginosa,ceftazidime,resistant
TIDB1807,Pseudomonas aeruginosa,ceftazidime,susceptible
TIDB1808,Pseudomonas aeruginosa,ceftazidime,resistant
TIDB1809,Pseudomonas aeruginosa,ceftazidime,susceptible
TIDB1810,Pseudomonas aeruginosa,ceftazidime,resistant
TIDB1811,Pseudomonas aeruginosa,ceftazidime,resistant
TIDB1812,Pseudomonas aeruginosa,ceftazidime,resistant
TIDB579,Pseudomonas aeruginosa,ceftazidime,susceptible
TIDB1378,Pseudomonas aeruginosa,ceftazidime,susceptible
TIDB1379,Pseudomonas aeruginosa,ceftazidime,susceptible
TIDB1380,Pseudomonas aeruginosa,ceftazidime,susceptible
TIDB1381,Pseudomonas aeruginosa,ceftazidime,susceptible
TIDB1382,Pseudomonas aeruginosa,ceftazidime,susceptible
TIDB1383,Pseudomonas aeruginosa,ceftazidime,resistant
TIDB1384,Pseudomonas aeruginosa,ceftazidime,susceptible
TIDB1385,Pseudomonas aeruginosa,ceftazidime,susceptible
TIDB1386,Pseudomonas aeruginosa,ceftazidime,susceptible
TIDB1387,Pseudomonas aeruginosa,ceftazidime,susceptible
TIDB168,Pseudomonas aeruginosa,ceftazidime,resistant
TIDB169,Pseudomonas aeruginosa,ceftazidime,resistant
TIDB170,Pseudomonas aeruginosa,ceftazidime,resistant
TIDB171,Pseudomonas aeruginosa,ceftazidime,resistant
TIDB172,Pseudomonas aeruginosa,ceftazidime,resistant
TIDB173,Pseudomonas aeruginosa,ceftazidime,resistant
TIDB174,Pseudomonas aeruginosa,ceftazidime,resistant
TIDB175,Pseudomonas aeruginosa,ceftazidime,resistant
TIDB176,Pseudomonas aeruginosa,ceftazidime,resistant
TIDB177,Pseudomonas aeruginosa,ceftazidime,resistant
TIDB159,Pseudomonas aeruginosa,ceftazidime,resistant
TIDB160,Pseudomonas aeruginosa,ceftazidime,resistant
TIDB161,Pseudomonas aeruginosa,ceftazidime,resistant
TIDB162,Pseudomonas aeruginosa,ceftazidime,resistant
TIDB158,Pseudomonas aeruginosa,ceftazidime,resistant
TIDB2478,Pseudomonas aeruginosa,ceftazidime,resistant
TIDB2479,Pseudomonas aeruginosa,ceftazidime,resistant
TIDB2480,Pseudomonas aeruginosa,ceftazidime,resistant
TIDB2481,Pseudomonas aeruginosa,ceftazidime,resistant
TIDB2482,Pseudomonas aeruginosa,ceftazidime,resistant
TIDB2483,Pseudomonas aeruginosa,ceftazidime,resistant
TIDB2484,Pseudomonas aeruginosa,ceftazidime,resistant
TIDB2485,Pseudomonas aeruginosa,ceftazidime,resistant
TIDB2486,Pseudomonas aeruginosa,ceftazidime,resistant
TIDB2487,Pseudomonas aeruginosa,ceftazidime,resistant
TIDB2488,Pseudomonas aeruginosa,ceftazidime,resistant
TIDB2937,Pseudomonas aeruginosa,ceftazidime,resistant
TIDB2938,Pseudomonas aeruginosa,ceftazidime,resistant
TIDB2939,Pseudomonas aeruginosa,ceftazidime,resistant
TIDB2940,Pseudomonas aeruginosa,ceftazidime,resistant
TIDB2941,Pseudomonas aeruginosa,ceftazidime,resistant
TIDB2942,Pseudomonas aeruginosa,ceftazidime,resistant
TIDB2943,Pseudomonas aeruginosa,ceftazidime,resistant
TIDB2944,Pseudomonas aeruginosa,ceftazidime,resistant
TIDB2945,Pseudomonas aeruginosa,ceftazidime,resistant
TIDB2946,Pseudomonas aeruginosa,ceftazidime,resistant
TIDB2947,Pseudomonas aeruginosa,ceftazidime,resistant
TIDB680,Pseudomonas aeruginosa,ceftazidime,resistant
TIDB681,Pseudomonas aeruginosa,ceftazidime,resistant
TIDB682,Pseudomonas aeruginosa,ceftazidime,resistant
TIDB1302,Pseudomonas aeruginosa,ceftazidime,resistant
TIDB1303,Pseudomonas aeruginosa,ceftazidime,resistant
TIDB1304,Pseudomonas aeruginosa,ceftazidime,resistant
TIDB1305,Pseudomonas aeruginosa,ceftazidime,resistant
TIDB1306,Pseudomonas aeruginosa,ceftazidime,resistant
TIDB1307,Pseudomonas aeruginosa,ceftazidime,resistant
TIDB1308,Pseudomonas aeruginosa,ceftazidime,resistant
TIDB1309,Pseudomonas aeruginosa,ceftazidime,resistant
TIDB1310,Pseudomonas aeruginosa,ceftazidime,resistant
TIDB1311,Pseudomonas aeruginosa,ceftazidime,resistant
TIDB1312,Pseudomonas aeruginosa,ceftazidime,resistant
TIDB1313,Pseudomonas aeruginosa,ceftazidime,resistant
TIDB1910,Pseudomonas aeruginosa,ceftazidime,resistant
TIDB1911,Pseudomonas aeruginosa,ceftazidime,resistant
TIDB1912,Pseudomonas aeruginosa,ceftazidime,resistant
TIDB1913,Pseudomonas aeruginosa,ceftazidime,resistant
TIDB2228,Pseudomonas aeruginosa,ceftazidime,resistant
TIDB2229,Pseudomonas aeruginosa,ceftazidime,resistant
TIDB2230,Pseudomonas aeruginosa,ceftazidime,susceptible
TIDB2231,Pseudomonas aeruginosa,ceftazidime,resistant
TIDB143,Pseudomonas aeruginosa,ciprofloxacin,resistant
TIDB270,Pseudomonas aeruginosa,ciprofloxacin,resistant
TIDB271,Pseudomonas aeruginosa,ciprofloxacin,resistant
TIDB272,Pseudomonas aeruginosa,ciprofloxacin,resistant
TIDB273,Pseudomonas aeruginosa,ciprofloxacin,resistant
TIDB274,Pseudomonas aeruginosa,ciprofloxacin,resistant
TIDB275,Pseudomonas aeruginosa,ciprofloxacin,resistant
TIDB276,Pseudomonas aeruginosa,ciprofloxacin,resistant
TIDB278,Pseudomonas aeruginosa,ciprofloxacin,resistant
TIDB873,Pseudomonas aeruginosa,ciprofloxacin,resistant
TIDB875,Pseudomonas aeruginosa,ciprofloxacin,resistant
TIDB1116,Pseudomonas aeruginosa,ciprofloxacin,resistant
TIDB1117,Pseudomonas aeruginosa,ciprofloxacin,resistant
TIDB1118,Pseudomonas aeruginosa,ciprofloxacin,resistant
TIDB1119,Pseudomonas aeruginosa,ciprofloxacin,resistant
TIDB289,Pseudomonas aeruginosa,ciprofloxacin,susceptible
TIDB290,Pseudomonas aeruginosa,ciprofloxacin,susceptible
TIDB296,Pseudomonas aeruginosa,ciprofloxacin,susceptible
TIDB297,Pseudomonas aeruginosa,ciprofloxacin,susceptible
TIDB515,Pseudomonas aeruginosa,ciprofloxacin,resistant
TIDB517,Pseudomonas aeruginosa,ciprofloxacin,resistant
TIDB518,Pseudomonas aeruginosa,ciprofloxacin,resistant
TIDB519,Pseudomonas aeruginosa,ciprofloxacin,resistant
TIDB520,Pseudomonas aeruginosa,ciprofloxacin,resistant
TIDB521,Pseudomonas aeruginosa,ciprofloxacin,resistant
TIDB523,Pseudomonas aeruginosa,ciprofloxacin,resistant
TIDB1803,Pseudomonas aeruginosa,ciprofloxacin,resistant
TIDB1804,Pseudomonas aeruginosa,ciprofloxacin,resistant
TIDB1805,Pseudomonas aeruginosa,ciprofloxacin,resistant
TIDB1806,Pseudomonas aeruginosa,ciprofloxacin,resistant
TIDB1807,Pseudomonas aeruginosa,ciprofloxacin,resistant
TIDB1808,Pseudomonas aeruginosa,ciprofloxacin,resistant
TIDB1809,Pseudomonas aeruginosa,ciprofloxacin,resistant
TIDB1810,Pseudomonas aeruginosa,ciprofloxacin,resistant
TIDB1811,Pseudomonas aeruginosa,ciprofloxacin,susceptible
TIDB579,Pseudomonas aeruginosa,ciprofloxacin,resistant
TIDB1378,Pseudomonas aeruginosa,ciprofloxacin,resistant
TIDB1379,Pseudomonas aeruginosa,ciprofloxacin,resistant
TIDB1380,Pseudomonas aeruginosa,ciprofloxacin,resistant
TIDB1381,Pseudomonas aeruginosa,ciprofloxacin,resistant
TIDB1382,Pseudomonas aeruginosa,ciprofloxacin,resistant
TIDB1383,Pseudomonas aeruginosa,ciprofloxacin,susceptible
TIDB1384,Pseudomonas aeruginosa,ciprofloxacin,resistant
TIDB1385,Pseudomonas aeruginosa,ciprofloxacin,resistant
TIDB1387,Pseudomonas aeruginosa,ciprofloxacin,resistant
TIDB168,Pseudomonas aeruginosa,ciprofloxacin,resistant
TIDB169,Pseudomonas aeruginosa,ciprofloxacin,resistant
TIDB170,Pseudomonas aeruginosa,ciprofloxacin,resistant
TIDB171,Pseudomonas aeruginosa,ciprofloxacin,resistant
TIDB172,Pseudomonas aeruginosa,ciprofloxacin,resistant
TIDB173,Pseudomonas aeruginosa,ciprofloxacin,susceptible
TIDB174,Pseudomonas aeruginosa,ciprofloxacin,susceptible
TIDB175,Pseudomonas aeruginosa,ciprofloxacin,susceptible
TIDB176,Pseudomonas aeruginosa,ciprofloxacin,susceptible
TIDB177,Pseudomonas aeruginosa,ciprofloxacin,susceptible
TIDB161,Pseudomonas aeruginosa,ciprofloxacin,resistant
TIDB162,Pseudomonas aeruginosa,ciprofloxacin,resistant
TIDB158,Pseudomonas aeruginosa,ciprofloxacin,resistant
TIDB2480,Pseudomonas aeruginosa,ciprofloxacin,resistant
TIDB2937,Pseudomonas aeruginosa,ciprofloxacin,resistant
TIDB2940,Pseudomonas aeruginosa,ciprofloxacin,resistant
TIDB2942,Pseudomonas aeruginosa,ciprofloxacin,resistant
TIDB2945,Pseudomonas aeruginosa,ciprofloxacin,resistant
TIDB2946,Pseudomonas aeruginosa,ciprofloxacin,resistant
TIDB2947,Pseudomonas aeruginosa,ciprofloxacin,resistant
TIDB1302,Pseudomonas aeruginosa,ciprofloxacin,resistant
TIDB1303,Pseudomonas aeruginosa,ciprofloxacin,resistant
TIDB1304,Pseudomonas aeruginosa,ciprofloxacin,resistant
TIDB1305,Pseudomonas aeruginosa,ciprofloxacin,resistant
TIDB1306,Pseudomonas aeruginosa,ciprofloxacin,resistant
TIDB1307,Pseudomonas aeruginosa,ciprofloxacin,resistant
TIDB1308,Pseudomonas aeruginosa,ciprofloxacin,resistant
TIDB1309,Pseudomonas aeruginosa,ciprofloxacin,resistant
TIDB1310,Pseudomonas aeruginosa,ciprofloxacin,resistant
TIDB1311,Pseudomonas aeruginosa,ciprofloxacin,resistant
TIDB1313,Pseudomonas aeruginosa,ciprofloxacin,resistant
TIDB1910,Pseudomonas aeruginosa,ciprofloxacin,resistant
TIDB1911,Pseudomonas aeruginosa,ciprofloxacin,resistant
TIDB1912,Pseudomonas aeruginosa,ciprofloxacin,resistant
TIDB1913,Pseudomonas aeruginosa,ciprofloxacin,resistant
TIDB2228,Pseudomonas aeruginosa,ciprofloxacin,susceptible
TIDB2229,Pseudomonas aeruginosa,ciprofloxacin,resistant
TIDB2230,Pseudomonas aeruginosa,ciprofloxacin,susceptible
TIDB2231,Pseudomonas aeruginosa,ciprofloxacin,susceptible
TIDB143,Pseudomonas aeruginosa,gentamicin,resistant
TIDB269,Pseudomonas aeruginosa,gentamicin,resistant
TIDB270,Pseudomonas aeruginosa,gentamicin,resistant
TIDB271,Pseudomonas aeruginosa,gentamicin,resistant
TIDB272,Pseudomonas aeruginosa,gentamicin,resistant
TIDB273,Pseudomonas aeruginosa,gentamicin,resistant
TIDB274,Pseudomonas aeruginosa,gentamicin,resistant
TIDB277,Pseudomonas aeruginosa,gentamicin,resistant
TIDB278,Pseudomonas aeruginosa,gentamicin,susceptible
TIDB872,Pseudomonas aeruginosa,gentamicin,resistant
TIDB873,Pseudomonas aeruginosa,gentamicin,resistant
TIDB874,Pseudomonas aeruginosa,gentamicin,resistant
TIDB875,Pseudomonas aeruginosa,gentamicin,resistant
TIDB1116,Pseudomonas aeruginosa,gentamicin,resistant
TIDB1117,Pseudomonas aeruginosa,gentamicin,resistant
TIDB1118,Pseudomonas aeruginosa,gentamicin,resistant
TIDB1119,Pseudomonas aeruginosa,gentamicin,resistant
TIDB289,Pseudomonas aeruginosa,gentamicin,susceptible
TIDB290,Pseudomonas aeruginosa,gentamicin,susceptible
TIDB291,Pseudomonas aeruginosa,gentamicin,susceptible
TIDB293,Pseudomonas aeruginosa,gentamicin,susceptible
TIDB294,Pseudomonas aeruginosa,gentamicin,susceptible
TIDB295,Pseudomonas aeruginosa,gentamicin,susceptible
TIDB296,Pseudomonas aeruginosa,gentamicin,susceptible
TIDB297,Pseudomonas aeruginosa,gentamicin,susceptible
TIDB515,Pseudomonas aeruginosa,gentamicin,resistant
TIDB517,Pseudomonas aeruginosa,gentamicin,resistant
TIDB518,Pseudomonas aeruginosa,gentamicin,resistant
TIDB519,Pseudomonas aeruginosa,gentamicin,resistant
TIDB520,Pseudomonas aeruginosa,gentamicin,susceptible
TIDB521,Pseudomonas aeruginosa,gentamicin,resistant
TIDB523,Pseudomonas aeruginosa,gentamicin,resistant
TIDB1803,Pseudomonas aeruginosa,gentamicin,resistant
TIDB1804,Pseudomonas aeruginosa,gentamicin,resistant
TIDB1805,Pseudomonas aeruginosa,gentamicin,resistant
TIDB1806,Pseudomonas aeruginosa,gentamicin,resistant
TIDB1807,Pseudomonas aeruginosa,gentamicin,resistant
TIDB1808,Pseudomonas aeruginosa,gentamicin,resistant
TIDB1809,Pseudomonas aeruginosa,gentamicin,resistant
TIDB1810,Pseudomonas aeruginosa,gentamicin,resistant
TIDB1811,Pseudomonas aeruginosa,gentamicin,resistant
TIDB579,Pseudomonas aeruginosa,gentamicin,resistant
TIDB1379,Pseudomonas aeruginosa,gentamicin,resistant
TIDB1380,Pseudomonas aeruginosa,gentamicin,susceptible
TIDB1381,Pseudomonas aeruginosa,gentamicin,susceptible
TIDB1384,Pseudomonas aeruginosa,gentamicin,resistant
TIDB1386,Pseudomonas aeruginosa,gentamicin,resistant
TIDB1387,Pseudomonas aeruginosa,gentamicin,susceptible
TIDB168,Pseudomonas aeruginosa,gentamicin,resistant
TIDB169,Pseudomonas aeruginosa,gentamicin,resistant
TIDB170,Pseudomonas aeruginosa,gentamicin,resistant
TIDB171,Pseudomonas aeruginosa,gentamicin,resistant
TIDB172,Pseudomonas aeruginosa,gentamicin,resistant
TIDB173,Pseudomonas aeruginosa,gentamicin,susceptible
TIDB177,Pseudomonas aeruginosa,gentamicin,susceptible
TIDB159,Pseudomonas aeruginosa,gentamicin,resistant
TIDB160,Pseudomonas aeruginosa,gentamicin,resistant
TIDB161,Pseudomonas aeruginosa,gentamicin,resistant
TIDB162,Pseudomonas aeruginosa,gentamicin,resistant
TIDB158,Pseudomonas aeruginosa,gentamicin,resistant
TIDB2478,Pseudomonas aeruginosa,gentamicin,resistant
TIDB2479,Pseudomonas aeruginosa,gentamicin,resistant
TIDB2480,Pseudomonas aeruginosa,gentamicin,resistant
TIDB2481,Pseudomonas aeruginosa,gentamicin,resistant
TIDB2482,Pseudomonas aeruginosa,gentamicin,resistant
TIDB2483,Pseudomonas aeruginosa,gentamicin,resistant
TIDB2484,Pseudomonas aeruginosa,gentamicin,resistant
TIDB2485,Pseudomonas aeruginosa,gentamicin,resistant
TIDB2486,Pseudomonas aeruginosa,gentamicin,resistant
TIDB2487,Pseudomonas aeruginosa,gentamicin,resistant
TIDB2488,Pseudomonas aeruginosa,gentamicin,resistant
TIDB2937,Pseudomonas aeruginosa,gentamicin,resistant
TIDB2938,Pseudomonas aeruginosa,gentamicin,resistant
TIDB2939,Pseudomonas aeruginosa,gentamicin,resistant
TIDB2940,Pseudomonas aeruginosa,gentamicin,resistant
TIDB2941,Pseudomonas aeruginosa,gentamicin,resistant
TIDB2942,Pseudomonas aeruginosa,gentamicin,resistant
TIDB2943,Pseudomonas aeruginosa,gentamicin,resistant
TIDB2944,Pseudomonas aeruginosa,gentamicin,resistant
TIDB2945,Pseudomonas aeruginosa,gentamicin,resistant
TIDB2946,Pseudomonas aeruginosa,gentamicin,resistant
TIDB2947,Pseudomonas aeruginosa,gentamicin,resistant
TIDB1302,Pseudomonas aeruginosa,gentamicin,resistant
TIDB1303,Pseudomonas aeruginosa,gentamicin,resistant
TIDB1304,Pseudomonas aeruginosa,gentamicin,resistant
TIDB1305,Pseudomonas aeruginosa,gentamicin,resistant
TIDB1306,Pseudomonas aeruginosa,gentamicin,resistant
TIDB1307,Pseudomonas aeruginosa,gentamicin,resistant
TIDB1308,Pseudomonas aeruginosa,gentamicin,resistant
TIDB1309,Pseudomonas aeruginosa,gentamicin,resistant
TIDB1310,Pseudomonas aeruginosa,gentamicin,resistant
TIDB1311,Pseudomonas aeruginosa,gentamicin,resistant
TIDB1312,Pseudomonas aeruginosa,gentamicin,resistant
TIDB1313,Pseudomonas aeruginosa,gentamicin,resistant
TIDB1911,Pseudomonas aeruginosa,gentamicin,susceptible
TIDB1912,Pseudomonas aeruginosa,gentamicin,susceptible
TIDB1913,Pseudomonas aeruginosa,gentamicin,susceptible
TIDB2228,Pseudomonas aeruginosa,gentamicin,susceptible
TIDB2230,Pseudomonas aeruginosa,gentamicin,susceptible
TIDB2231,Pseudomonas aeruginosa,gentamicin,susceptible
TIDB143,Pseudomonas aeruginosa,imipenem,resistant
TIDB269,Pseudomonas aeruginosa,imipenem,susceptible
TIDB271,Pseudomonas aeruginosa,imipenem,susceptible
TIDB272,Pseudomonas aeruginosa,imipenem,resistant
TIDB273,Pseudomonas aeruginosa,imipenem,susceptible
TIDB274,Pseudomonas aeruginosa,imipenem,susceptible
TIDB275,Pseudomonas aeruginosa,imipenem,susceptible
TIDB276,Pseudomonas aeruginosa,imipenem,susceptible
TIDB277,Pseudomonas aeruginosa,imipenem,susceptible
TIDB278,Pseudomonas aeruginosa,imipenem,susceptible
TIDB872,Pseudomonas aeruginosa,imipenem,resistant
TIDB874,Pseudomonas aeruginosa,imipenem,susceptible
TIDB875,Pseudomonas aeruginosa,imipenem,susceptible
TIDB1116,Pseudomonas aeruginosa,imipenem,susceptible
TIDB1117,Pseudomonas aeruginosa,imipenem,susceptible
TIDB1118,Pseudomonas aeruginosa,imipenem,susceptible
TIDB1119,Pseudomonas aeruginosa,imipenem,susceptible
TIDB289,Pseudomonas aeruginosa,imipenem,susceptible
TIDB290,Pseudomonas aeruginosa,imipenem,susceptible
TIDB291,Pseudomonas aeruginosa,imipenem,susceptible
TIDB293,Pseudomonas aeruginosa,imipenem,susceptible
TIDB294,Pseudomonas aeruginosa,imipenem,susceptible
TIDB295,Pseudomonas aeruginosa,imipenem,susceptible
TIDB296,Pseudomonas aeruginosa,imipenem,susceptible
TIDB297,Pseudomonas aeruginosa,imipenem,susceptible
TIDB515,Pseudomonas aeruginosa,imipenem,susceptible
TIDB518,Pseudomonas aeruginosa,imipenem,resistant
TIDB523,Pseudomonas aeruginosa,imipenem,susceptible
TIDB1803,Pseudomonas aeruginosa,imipenem,susceptible
TIDB1812,Pseudomonas aeruginosa,imipenem,susceptible
TIDB1378,Pseudomonas aeruginosa,imipenem,resistant
TIDB1379,Pseudomonas aeruginosa,imipenem,resistant
TIDB1380,Pseudomonas aeruginosa,imipenem,resistant
TIDB1381,Pseudomonas aeruginosa,imipenem,resistant
TIDB1382,Pseudomonas aeruginosa,imipenem,resistant
TIDB1383,Pseudomonas aeruginosa,imipenem,resistant
TIDB1384,Pseudomonas aeruginosa,imipenem,resistant
TIDB1385,Pseudomonas aeruginosa,imipenem,resistant
TIDB1386,Pseudomonas aeruginosa,imipenem,susceptible
TIDB1387,Pseudomonas aeruginosa,imipenem,resistant
TIDB168,Pseudomonas aeruginosa,imipenem,resistant
TIDB169,Pseudomonas aeruginosa,imipenem,resistant
TIDB170,Pseudomonas aeruginosa,imipenem,resistant
TIDB171,Pseudomonas aeruginosa,imipenem,resistant
TIDB172,Pseudomonas aeruginosa,imipenem,resistant
TIDB173,Pseudomonas aeruginosa,imipenem,resistant
TIDB174,Pseudomonas aeruginosa,imipenem,resistant
TIDB175,Pseudomonas aeruginosa,imipenem,resistant
TIDB176,Pseudomonas aeruginosa,imipenem,resistant
TIDB177,Pseudomonas aeruginosa,imipenem,resistant
TIDB159,Pseudomonas aeruginosa,imipenem,resistant
TIDB160,Pseudomonas aeruginosa,imipenem,resistant
TIDB161,Pseudomonas aeruginosa,imipenem,resistant
TIDB162,Pseudomonas aeruginosa,imipenem,resistant
TIDB158,Pseudomonas aeruginosa,imipenem,resistant
TIDB2478,Pseudomonas aeruginosa,imipenem,resistant
TIDB2479,Pseudomonas aeruginosa,imipenem,resistant
TIDB2480,Pseudomonas aeruginosa,imipenem,resistant
TIDB2481,Pseudomonas aeruginosa,imipenem,resistant
TIDB2482,Pseudomonas aeruginosa,imipenem,resistant
TIDB2483,Pseudomonas aeruginosa,imipenem,resistant
TIDB2484,Pseudomonas aeruginosa,imipenem,resistant
TIDB2485,Pseudomonas aeruginosa,imipenem,resistant
TIDB2486,Pseudomonas aeruginosa,imipenem,resistant
TIDB2487,Pseudomonas aeruginosa,imipenem,resistant
TIDB2488,Pseudomonas aeruginosa,imipenem,resistant
TIDB2937,Pseudomonas aeruginosa,imipenem,resistant
TIDB2938,Pseudomonas aeruginosa,imipenem,resistant
TIDB2939,Pseudomonas aeruginosa,imipenem,resistant
TIDB2940,Pseudomonas aeruginosa,imipenem,resistant
TIDB2941,Pseudomonas aeruginosa,imipenem,resistant
TIDB2942,Pseudomonas aeruginosa,imipenem,resistant
TIDB2943,Pseudomonas aeruginosa,imipenem,resistant
TIDB2944,Pseudomonas aeruginosa,imipenem,resistant
TIDB2945,Pseudomonas aeruginosa,imipenem,resistant
TIDB2946,Pseudomonas aeruginosa,imipenem,resistant
TIDB2947,Pseudomonas aeruginosa,imipenem,resistant
TIDB680,Pseudomonas aeruginosa,imipenem,resistant
TIDB681,Pseudomonas aeruginosa,imipenem,resistant
TIDB682,Pseudomonas aeruginosa,imipenem,resistant
TIDB1302,Pseudomonas aeruginosa,imipenem,resistant
TIDB1303,Pseudomonas aeruginosa,imipenem,resistant
TIDB1304,Pseudomonas aeruginosa,imipenem,resistant
TIDB1305,Pseudomonas aeruginosa,imipenem,resistant
TIDB1306,Pseudomonas aeruginosa,imipenem,resistant
TIDB1307,Pseudomonas aeruginosa,imipenem,resistant
TIDB1308,Pseudomonas aeruginosa,imipenem,resistant
TIDB1309,Pseudomonas aeruginosa,imipenem,resistant
TIDB1310,Pseudomonas aeruginosa,imipenem,resistant
TIDB1311,Pseudomonas aeruginosa,imipenem,resistant
TIDB1312,Pseudomonas aeruginosa,imipenem,resistant
TIDB1313,Pseudomonas aeruginosa,imipenem,resistant
TIDB143,Pseudomonas aeruginosa,levofloxacin,resistant
TIDB270,Pseudomonas aeruginosa,levofloxacin,resistant
TIDB271,Pseudomonas aeruginosa,levofloxacin,resistant
TIDB272,Pseudomonas aeruginosa,levofloxacin,resistant
TIDB273,Pseudomonas aeruginosa,levofloxacin,resistant
TIDB274,Pseudomonas aeruginosa,levofloxacin,resistant
TIDB275,Pseudomonas aeruginosa,levofloxacin,resistant
TIDB276,Pseudomonas aeruginosa,levofloxacin,resistant
TIDB278,Pseudomonas aeruginosa,levofloxacin,resistant
TIDB872,Pseudomonas aeruginosa,levofloxacin,resistant
TIDB873,Pseudomonas aeruginosa,levofloxacin,resistant
TIDB874,Pseudomonas aeruginosa,levofloxacin,resistant
TIDB875,Pseudomonas aeruginosa,levofloxacin,resistant
TIDB1116,Pseudomonas aeruginosa,levofloxacin,resistant
TIDB1117,Pseudomonas aeruginosa,levofloxacin,resistant
TIDB1118,Pseudomonas aeruginosa,levofloxacin,resistant
TIDB1119,Pseudomonas aeruginosa,levofloxacin,resistant
TIDB289,Pseudomonas aeruginosa,levofloxacin,susceptible
TIDB290,Pseudomonas aeruginosa,levofloxacin,susceptible
TIDB291,Pseudomonas aeruginosa,levofloxacin,susceptible
TIDB293,Pseudomonas aeruginosa,levofloxacin,susceptible
TIDB294,Pseudomonas aeruginosa,levofloxacin,susceptible
TIDB295,Pseudomonas aeruginosa,levofloxacin,susceptible
TIDB296,Pseudomonas aeruginosa,levofloxacin,susceptible
TIDB297,Pseudomonas aeruginosa,levofloxacin,susceptible
TIDB515,Pseudomonas aeruginosa,levofloxacin,resistant
TIDB517,Pseudomonas aeruginosa,levofloxacin,resistant
TIDB518,Pseudomonas aeruginosa,levofloxacin,resistant
TIDB519,Pseudomonas aeruginosa,levofloxacin,resistant
TIDB520,Pseudomonas aeruginosa,levofloxacin,resistant
TIDB521,Pseudomonas aeruginosa,levofloxacin,resistant
TIDB523,Pseudomonas aeruginosa,levofloxacin,resistant
TIDB1803,Pseudomonas aeruginosa,levofloxacin,resistant
TIDB1804,Pseudomonas aeruginosa,levofloxacin,resistant
TIDB1805,Pseudomonas aeruginosa,levofloxacin,susceptible
TIDB1806,Pseudomonas aeruginosa,levofloxacin,resistant
TIDB1807,Pseudomonas aeruginosa,levofloxacin,resistant
TIDB1808,Pseudomonas aeruginosa,levofloxacin,resistant
TIDB1809,Pseudomonas aeruginosa,levofloxacin,resistant
TIDB1810,Pseudomonas aeruginosa,levofloxacin,resistant
TIDB1811,Pseudomonas aeruginosa,levofloxacin,resistant
TIDB579,Pseudomonas aeruginosa,levofloxacin,resistant
TIDB1378,Pseudomonas aeruginosa,levofloxacin,resistant
TIDB1383,Pseudomonas aeruginosa,levofloxacin,susceptible
TIDB1384,Pseudomonas aeruginosa,levofloxacin,resistant
TIDB1385,Pseudomonas aeruginosa,levofloxacin,resistant
TIDB170,Pseudomonas aeruginosa,levofloxacin,susceptible
TIDB173,Pseudomonas aeruginosa,levofloxacin,susceptible
TIDB174,Pseudomonas aeruginosa,levofloxacin,susceptible
TIDB175,Pseudomonas aeruginosa,levofloxacin,susceptible
TIDB176,Pseudomonas aeruginosa,levofloxacin,susceptible
TIDB177,Pseudomonas aeruginosa,levofloxacin,susceptible
TIDB159,Pseudomonas aeruginosa,levofloxacin,resistant
TIDB161,Pseudomonas aeruginosa,levofloxacin,resistant
TIDB162,Pseudomonas aeruginosa,levofloxacin,resistant
TIDB158,Pseudomonas aeruginosa,levofloxacin,resistant
TIDB2478,Pseudomonas aeruginosa,levofloxacin,resistant
TIDB2479,Pseudomonas aeruginosa,levofloxacin,resistant
TIDB2480,Pseudomonas aeruginosa,levofloxacin,resistant
TIDB2481,Pseudomonas aeruginosa,levofloxacin,resistant
TIDB2482,Pseudomonas aeruginosa,levofloxacin,resistant
TIDB2483,Pseudomonas aeruginosa,levofloxacin,resistant
TIDB2484,Pseudomonas aeruginosa,levofloxacin,resistant
TIDB2485,Pseudomonas aeruginosa,levofloxacin,resistant
TIDB2486,Pseudomonas aeruginosa,levofloxacin,resistant
TIDB2487,Pseudomonas aeruginosa,levofloxacin,resistant
TIDB2488,Pseudomonas aeruginosa,levofloxacin,resistant
TIDB2937,Pseudomonas aeruginosa,levofloxacin,resistant
TIDB2938,Pseudomonas aeruginosa,levofloxacin,resistant
TIDB2939,Pseudomonas aeruginosa,levofloxacin,resistant
TIDB2940,Pseudomonas aeruginosa,levofloxacin,resistant
TIDB2942,Pseudomonas aeruginosa,levofloxacin,resistant
TIDB2943,Pseudomonas aeruginosa,levofloxacin,resistant
TIDB2944,Pseudomonas aeruginosa,levofloxacin,resistant
TIDB2945,Pseudomonas aeruginosa,levofloxacin,resistant
TIDB2947,Pseudomonas aeruginosa,levofloxacin,resistant
TIDB680,Pseudomonas aeruginosa,levofloxacin,susceptible
TIDB681,Pseudomonas aeruginosa,levofloxacin,susceptible
TIDB682,Pseudomonas aeruginosa,levofloxacin,susceptible
TIDB1303,Pseudomonas aeruginosa,levofloxacin,resistant
TIDB1308,Pseudomonas aeruginosa,levofloxacin,resistant
TIDB143,Pseudomonas aeruginosa,meropenem,resistant
TIDB269,Pseudomonas aeruginosa,meropenem,susceptible
TIDB270,Pseudomonas aeruginosa,meropenem,susceptible
TIDB271,Pseudomonas aeruginosa,meropenem,susceptible
TIDB273,Pseudomonas aeruginosa,meropenem,susceptible
TIDB274,Pseudomonas aeruginosa,meropenem,susceptible
TIDB275,Pseudomonas aeruginosa,meropenem,susceptible
TIDB276,Pseudomonas aeruginosa,meropenem,susceptible
TIDB277,Pseudomonas aeruginosa,meropenem,susceptible
TIDB278,Pseudomonas aeruginosa,meropenem,susceptible
TIDB872,Pseudomonas aeruginosa,meropenem,resistant
TIDB873,Pseudomonas aeruginosa,meropenem,resistant
TIDB874,Pseudomonas aeruginosa,meropenem,susceptible
TIDB875,Pseudomonas aeruginosa,meropenem,susceptible
TIDB1116,Pseudomonas aeruginosa,meropenem,susceptible
TIDB1117,Pseudomonas aeruginosa,meropenem,susceptible
TIDB1118,Pseudomonas aeruginosa,meropenem,susceptible
TIDB1119,Pseudomonas aeruginosa,meropenem,susceptible
TIDB289,Pseudomonas aeruginosa,meropenem,susceptible
TIDB290,Pseudomonas aeruginosa,meropenem,susceptible
TIDB291,Pseudomonas aeruginosa,meropenem,resistant
TIDB293,Pseudomonas aeruginosa,meropenem,resistant
TIDB294,Pseudomonas aeruginosa,meropenem,resistant
TIDB295,Pseudomonas aeruginosa,meropenem,resistant
TIDB296,Pseudomonas aeruginosa,meropenem,susceptible
TIDB297,Pseudomonas aeruginosa,meropenem,susceptible
TIDB515,Pseudomonas aeruginosa,meropenem,resistant
TIDB517,Pseudomonas aeruginosa,meropenem,resistant
TIDB518,Pseudomonas aeruginosa,meropenem,resistant
TIDB519,Pseudomonas aeruginosa,meropenem,resistant
TIDB520,Pseudomonas aeruginosa,meropenem,resistant
TIDB521,Pseudomonas aeruginosa,meropenem,resistant
TIDB523,Pseudomonas aeruginosa,meropenem,resistant
TIDB1803,Pseudomonas aeruginosa,meropenem,resistant
TIDB1804,Pseudomonas aeruginosa,meropenem,resistant
TIDB1805,Pseudomonas aeruginosa,meropenem,resistant
TIDB1806,Pseudomonas aeruginosa,meropenem,resistant
TIDB1807,Pseudomonas aeruginosa,meropenem,susceptible
TIDB1808,Pseudomonas aeruginosa,meropenem,resistant
TIDB1809,Pseudomonas aeruginosa,meropenem,susceptible
TIDB1810,Pseudomonas aeruginosa,meropenem,resistant
TIDB1811,Pseudomonas aeruginosa,meropenem,resistant
TIDB1379,Pseudomonas aeruginosa,meropenem,susceptible
TIDB1383,Pseudomonas aeruginosa,meropenem,resistant
TIDB1386,Pseudomonas aeruginosa,meropenem,susceptible
TIDB168,Pseudomonas aeruginosa,meropenem,susceptible
TIDB169,Pseudomonas aeruginosa,meropenem,susceptible
TIDB170,Pseudomonas aeruginosa,meropenem,susceptible
TIDB171,Pseudomonas aeruginosa,meropenem,susceptible
TIDB172,Pseudomonas aeruginosa,meropenem,susceptible
TIDB173,Pseudomonas aeruginosa,meropenem,resistant
TIDB174,Pseudomonas aeruginosa,meropenem,resistant
TIDB175,Pseudomonas aeruginosa,meropenem,resistant
TIDB176,Pseudomonas aeruginosa,meropenem,resistant
TIDB177,Pseudomonas aeruginosa,meropenem,resistant
TIDB159,Pseudomonas aeruginosa,meropenem,resistant
TIDB160,Pseudomonas aeruginosa,meropenem,resistant
TIDB161,Pseudomonas aeruginosa,meropenem,resistant
TIDB162,Pseudomonas aeruginosa,meropenem,resistant
TIDB2478,Pseudomonas aeruginosa,meropenem,resistant
TIDB2479,Pseudomonas aeruginosa,meropenem,resistant
TIDB2480,Pseudomonas aeruginosa,meropenem,resistant
TIDB2481,Pseudomonas aeruginosa,meropenem,resistant
TIDB2482,Pseudomonas aeruginosa,meropenem,resistant
TIDB2483,Pseudomonas aeruginosa,meropenem,resistant
TIDB2484,Pseudomonas aeruginosa,meropenem,resistant
TIDB2485,Pseudomonas aeruginosa,meropenem,resistant
TIDB2486,Pseudomonas aeruginosa,meropenem,resistant
TIDB2487,Pseudomonas aeruginosa,meropenem,resistant
TIDB2488,Pseudomonas aeruginosa,meropenem,resistant
TIDB2937,Pseudomonas aeruginosa,meropenem,resistant
TIDB2938,Pseudomonas aeruginosa,meropenem,resistant
TIDB2939,Pseudomonas aeruginosa,meropenem,resistant
TIDB2940,Pseudomonas aeruginosa,meropenem,resistant
TIDB2941,Pseudomonas aeruginosa,meropenem,resistant
TIDB2942,Pseudomonas aeruginosa,meropenem,resistant
TIDB2943,Pseudomonas aeruginosa,meropenem,resistant
TIDB2944,Pseudomonas aeruginosa,meropenem,resistant
TIDB2945,Pseudomonas aeruginosa,meropenem,resistant
TIDB2946,Pseudomonas aeruginosa,meropenem,resistant
TIDB2947,Pseudomonas aeruginosa,meropenem,resistant
TIDB680,Pseudomonas aeruginosa,meropenem,resistant
TIDB681,Pseudomonas aeruginosa,meropenem,resistant
TIDB682,Pseudomonas aeruginosa,meropenem,resistant
TIDB1302,Pseudomonas aeruginosa,meropenem,resistant
TIDB1303,Pseudomonas aeruginosa,meropenem,resistant
TIDB1304,Pseudomonas aeruginosa,meropenem,resistant
TIDB1305,Pseudomonas aeruginosa,meropenem,resistant
TIDB1306,Pseudomonas aeruginosa,meropenem,resistant
TIDB1307,Pseudomonas aeruginosa,meropenem,resistant
TIDB1308,Pseudomonas aeruginosa,meropenem,resistant
TIDB1309,Pseudomonas aeruginosa,meropenem,resistant
TIDB1310,Pseudomonas aeruginosa,meropenem,resistant
TIDB1311,Pseudomonas aeruginosa,meropenem,resistant
TIDB1312,Pseudomonas aeruginosa,meropenem,resistant
TIDB1313,Pseudomonas aeruginosa,meropenem,resistant
TIDB1910,Pseudomonas aeruginosa,meropenem,resistant
TIDB1911,Pseudomonas aeruginosa,meropenem,resistant
TIDB1912,Pseudomonas aeruginosa,meropenem,resistant
TIDB1913,Pseudomonas aeruginosa,meropenem,resistant
TIDB2228,Pseudomonas aeruginosa,meropenem,susceptible
TIDB2229,Pseudomonas aeruginosa,meropenem,resistant
TIDB2230,Pseudomonas aeruginosa,meropenem,susceptible
TIDB2231,Pseudomonas aeruginosa,meropenem,susceptible
TIDB143,Pseudomonas aeruginosa,piperacillin,resistant
TIDB270,Pseudomonas aeruginosa,piperacillin,susceptible
TIDB271,Pseudomonas aeruginosa,piperacillin,susceptible
TIDB272,Pseudomonas aeruginosa,piperacillin,resistant
TIDB273,Pseudomonas aeruginosa,piperacillin,susceptible
TIDB274,Pseudomonas aeruginosa,piperacillin,susceptible
TIDB275,Pseudomonas aeruginosa,piperacillin,susceptible
TIDB278,Pseudomonas aeruginosa,piperacillin,susceptible
TIDB875,Pseudomonas aeruginosa,piperacillin,susceptible
TIDB1116,Pseudomonas aeruginosa,piperacillin,susceptible
TIDB1117,Pseudomonas aeruginosa,piperacillin,susceptible
TIDB1118,Pseudomonas aeruginosa,piperacillin,susceptible
TIDB1119,Pseudomonas aeruginosa,piperacillin,susceptible
TIDB289,Pseudomonas aeruginosa,piperacillin,susceptible
TIDB290,Pseudomonas aeruginosa,piperacillin,susceptible
TIDB291,Pseudomonas aeruginosa,piperacillin,susceptible
TIDB293,Pseudomonas aeruginosa,piperacillin,susceptible
TIDB294,Pseudomonas aeruginosa,piperacillin,susceptible
TIDB295,Pseudomonas aeruginosa,piperacillin,susceptible
TIDB296,Pseudomonas aeruginosa,piperacillin,susceptible
TIDB297,Pseudomonas aeruginosa,piperacillin,susceptible
TIDB515,Pseudomonas aeruginosa,piperacillin,susceptible
TIDB1803,Pseudomonas aeruginosa,piperacillin,susceptible
TIDB1812,Pseudomonas aeruginosa,piperacillin,susceptible
TIDB1378,Pseudomonas aeruginosa,piperacillin,susceptible
TIDB1379,Pseudomonas aeruginosa,piperacillin,susceptible
TIDB1380,Pseudomonas aeruginosa,piperacillin,susceptible
TIDB1381,Pseudomonas aeruginosa,piperacillin,susceptible
TIDB1382,Pseudomonas aeruginosa,piperacillin,susceptible
TIDB1383,Pseudomonas aeruginosa,piperacillin,resistant
TIDB1385,Pseudomonas aeruginosa,piperacillin,susceptible
TIDB1386,Pseudomonas aeruginosa,piperacillin,susceptible
TIDB168,Pseudomonas aeruginosa,piperacillin,resistant
TIDB169,Pseudomonas aeruginosa,piperacillin,resistant
TIDB170,Pseudomonas aeruginosa,piperacillin,resistant
TIDB171,Pseudomonas aeruginosa,piperacillin,resistant
TIDB172,Pseudomonas aeruginosa,piperacillin,resistant
TIDB173,Pseudomonas aeruginosa,piperacillin,resistant
TIDB174,Pseudomonas aeruginosa,piperacillin,resistant
TIDB175,Pseudomonas aeruginosa,piperacillin,resistant
TIDB176,Pseudomonas aeruginosa,piperacillin,resistant
TIDB177,Pseudomonas aeruginosa,piperacillin,resistant
TIDB159,Pseudomonas aeruginosa,piperacillin,resistant
TIDB160,Pseudomonas aeruginosa,piperacillin,resistant
TIDB161,Pseudomonas aeruginosa,piperacillin,resistant
TIDB162,Pseudomonas aeruginosa,piperacillin,resistant
TIDB158,Pseudomonas aeruginosa,piperacillin,resistant
TIDB2478,Pseudomonas aeruginosa,piperacillin,resistant
TIDB2479,Pseudomonas aeruginosa,piperacillin,resistant
TIDB2480,Pseudomonas aeruginosa,piperacillin,resistant
TIDB2481,Pseudomonas aeruginosa,piperacillin,resistant
TIDB2482,Pseudomonas aeruginosa,piperacillin,resistant
TIDB2483,Pseudomonas aeruginosa,piperacillin,resistant
TIDB2484,Pseudomonas aeruginosa,piperacillin,resistant
TIDB2485,Pseudomonas aeruginosa,piperacillin,resistant
TIDB2486,Pseudomonas aeruginosa,piperacillin,resistant
TIDB2487,Pseudomonas aeruginosa,piperacillin,resistant
TIDB2488,Pseudomonas aeruginosa,piperacillin,resistant
TIDB2938,Pseudomonas aeruginosa,piperacillin,resistant
TIDB2939,Pseudomonas aeruginosa,piperacillin,resistant
TIDB2940,Pseudomonas aeruginosa,piperacillin,resistant
TIDB2941,Pseudomonas aeruginosa,piperacillin,resistant
TIDB2942,Pseudomonas aeruginosa,piperacillin,resistant
TIDB2943,Pseudomonas aeruginosa,piperacillin,resistant
TIDB2944,Pseudomonas aeruginosa,piperacillin,resistant
TIDB2945,Pseudomonas aeruginosa,piperacillin,resistant
TIDB2946,Pseudomonas aeruginosa,piperacillin,resistant
TIDB2947,Pseudomonas aeruginosa,piperacillin,resistant
TIDB680,Pseudomonas aeruginosa,piperacillin,resistant
TIDB681,Pseudomonas aeruginosa,piperacillin,resistant
TIDB682,Pseudomonas aeruginosa,piperacillin,resistant
TIDB1303,Pseudomonas aeruginosa,piperacillin,resistant
TIDB143,Pseudomonas aeruginosa,tobramycin,susceptible
TIDB269,Pseudomonas aeruginosa,tobramycin,resistant
TIDB271,Pseudomonas aeruginosa,tobramycin,susceptible
TIDB273,Pseudomonas aeruginosa,tobramycin,resistant
TIDB274,Pseudomonas aeruginosa,tobramycin,susceptible
TIDB275,Pseudomonas aeruginosa,tobramycin,susceptible
TIDB276,Pseudomonas aeruginosa,tobramycin,susceptible
TIDB277,Pseudomonas aeruginosa,tobramycin,resistant
TIDB872,Pseudomonas aeruginosa,tobramycin,resistant
TIDB873,Pseudomonas aeruginosa,tobramycin,susceptible
TIDB874,Pseudomonas aeruginosa,tobramycin,resistant
TIDB875,Pseudomonas aeruginosa,tobramycin,susceptible
TIDB1116,Pseudomonas aeruginosa,tobramycin,resistant
TIDB289,Pseudomonas aeruginosa,tobramycin,susceptible
TIDB290,Pseudomonas aeruginosa,tobramycin,susceptible
TIDB293,Pseudomonas aeruginosa,tobramycin,resistant
TIDB294,Pseudomonas aeruginosa,tobramycin,resistant
TIDB295,Pseudomonas aeruginosa,tobramycin,resistant
TIDB296,Pseudomonas aeruginosa,tobramycin,susceptible
TIDB297,Pseudomonas aeruginosa,tobramycin,susceptible
TIDB515,Pseudomonas aeruginosa,tobramycin,susceptible
TIDB519,Pseudomonas aeruginosa,tobramycin,resistant
TIDB520,Pseudomonas aeruginosa,tobramycin,resistant
TIDB521,Pseudomonas aeruginosa,tobramycin,susceptible
TIDB523,Pseudomonas aeruginosa,tobramycin,susceptible
TIDB1803,Pseudomonas aeruginosa,tobramycin,susceptible
TIDB1804,Pseudomonas aeruginosa,tobramycin,susceptible
TIDB1805,Pseudomonas aeruginosa,tobramycin,resistant
TIDB1806,Pseudomonas aeruginosa,tobramycin,resistant
TIDB1807,Pseudomonas aeruginosa,tobramycin,resistant
TIDB1808,Pseudomonas aeruginosa,tobramycin,susceptible
TIDB1809,Pseudomonas aeruginosa,tobramycin,susceptible
TIDB1810,Pseudomonas aeruginosa,tobramycin,susceptible
TIDB1811,Pseudomonas aeruginosa,tobramycin,resistant
TIDB1812,Pseudomonas aeruginosa,tobramycin,susceptible
TIDB579,Pseudomonas aeruginosa,tobramycin,susceptible
TIDB1378,Pseudomonas aeruginosa,tobramycin,susceptible
TIDB1379,Pseudomonas aeruginosa,tobramycin,susceptible
TIDB1380,Pseudomonas aeruginosa,tobramycin,susceptible
TIDB1381,Pseudomonas aeruginosa,tobramycin,susceptible
TIDB1382,Pseudomonas aeruginosa,tobramycin,susceptible
TIDB1383,Pseudomonas aeruginosa,tobramycin,susceptible
TIDB1385,Pseudomonas aeruginosa,tobramycin,susceptible
TIDB1386,Pseudomonas aeruginosa,tobramycin,susceptible
TIDB1387,Pseudomonas aeruginosa,tobramycin,susceptible
TIDB168,Pseudomonas aeruginosa,tobramycin,susceptible
TIDB169,Pseudomonas aeruginosa,tobramycin,susceptible
TIDB170,Pseudomonas aeruginosa,tobramycin,susceptible
TIDB171,Pseudomonas aeruginosa,tobramycin,susceptible
TIDB173,Pseudomonas aeruginosa,tobramycin,susceptible
TIDB174,Pseudomonas aeruginosa,tobramycin,susceptible
TIDB175,Pseudomonas aeruginosa,tobramycin,susceptible
TIDB176,Pseudomonas aeruginosa,tobramycin,susceptible
TIDB177,Pseudomonas aeruginosa,tobramycin,susceptible
TIDB159,Pseudomonas aeruginosa,tobramycin,resistant
TIDB160,Pseudomonas aeruginosa,tobramycin,resistant
TIDB161,Pseudomonas aeruginosa,tobramycin,resistant
TIDB162,Pseudomonas aeruginosa,tobramycin,resistant
TIDB158,Pseudomonas aeruginosa,tobramycin,resistant
TIDB2478,Pseudomonas aeruginosa,tobramycin,resistant
TIDB2479,Pseudomonas aeruginosa,tobramycin,resistant
TIDB2480,Pseudomonas aeruginosa,tobramycin,resistant
TIDB2481,Pseudomonas aeruginosa,tobramycin,resistant
TIDB2482,Pseudomonas aeruginosa,tobramycin,resistant
TIDB2483,Pseudomonas aeruginosa,tobramycin,resistant
TIDB2484,Pseudomonas aeruginosa,tobramycin,resistant
TIDB2485,Pseudomonas aeruginosa,tobramycin,resistant
TIDB2486,Pseudomonas aeruginosa,tobramycin,resistant
TIDB2487,Pseudomonas aeruginosa,tobramycin,resistant
TIDB2488,Pseudomonas aeruginosa,tobramycin,resistant
TIDB2937,Pseudomonas aeruginosa,tobramycin,resistant
TIDB2938,Pseudomonas aeruginosa,tobramycin,resistant
TIDB2939,Pseudomonas aeruginosa,tobramycin,resistant
TIDB2940,Pseudomonas aeruginosa,tobramycin,resistant
TIDB2941,Pseudomonas aeruginosa,tobramycin,resistant
TIDB2942,Pseudomonas aeruginosa,tobramycin,resistant
TIDB2943,Pseudomonas aeruginosa,tobramycin,resistant
TIDB2944,Pseudomonas aeruginosa,tobramycin,resistant
TIDB2945,Pseudomonas aeruginosa,tobramycin,resistant
TIDB2946,Pseudomonas aeruginosa,tobramycin,resistant
TIDB2947,Pseudomonas aeruginosa,tobramycin,resistant
TIDB680,Pseudomonas aeruginosa,tobramycin,susceptible
TIDB681,Pseudomonas aeruginosa,tobramycin,susceptible
TIDB682,Pseudomonas aeruginosa,tobramycin,susceptible
TIDB1302,Pseudomonas aeruginosa,tobramycin,susceptible
TIDB1305,Pseudomonas aeruginosa,tobramycin,susceptible
TIDB1910,Pseudomonas aeruginosa,tobramycin,susceptible
TIDB1911,Pseudomonas aeruginosa,tobramycin,susceptible
TIDB1912,Pseudomonas aeruginosa,tobramycin,susceptible
TIDB1913,Pseudomonas aeruginosa,tobramycin,susceptible
TIDB2228,Pseudomonas aeruginosa,tobramycin,susceptible
TIDB2229,Pseudomonas aeruginosa,tobramycin,resistant
TIDB2230,Pseudomonas aeruginosa,tobramycin,susceptible
TIDB2231,Pseudomonas aeruginosa,tobramycin,susceptible
